-2.862502858042716980e-01,-9.116510033607483354e-01,-1.907440757751464933e+00,-3.637656784057617276e+00,4.745222449302673451e-01,3.953044748306274503e+00,3.235121202468872248e+00,-3.222019255161285289e-01,-6.578617215156554732e-01,-6.391616702079773171e-01,1.000772789120674133e-01,6.395459651947021928e-01,-1.658009719848632768e+00,1.156895995140075684e+00
3.229251682758331188e-01,3.854283392429351529e-02,9.612902402877807062e-02,3.561222434043884166e-01,1.112035989761352567e-01,-8.828934669494629128e-01,8.401759028434753196e-01,-3.622770830988884111e-02,7.135211378335952481e-02,-4.517552405595779558e-02,2.254052400588989202e-01,2.414209038019180242e-01,-3.097201287746429582e-02,2.056134253740310724e-01
-1.600397825241088867e-01,-1.681837290525436401e-01,2.423168905079364777e-02,-1.149780837295111269e-05,-9.629949182271957397e-02,1.778261363506317139e-01,1.453983187675476074e-01,-2.047186493873596191e-01,1.167724058032035828e-01,3.901634737849235535e-02,1.741035431623458862e-01,1.118411794304847717e-01,-9.806711226701736450e-02,-8.043286949396133423e-02
-2.566722095012664573e-01,4.766705811023712047e-01,7.362977623939513938e-01,-1.831999123096466064e-01,-1.227119064331054776e+00,-1.822945976257324130e+00,5.961892008781433105e-01,2.267056375741958729e-01,3.459618091583251953e-01,3.056100070476531760e-01,-1.351968795061111450e-01,9.176228493452072421e-02,-4.799574434757232777e-01,6.163676261901855913e-01
6.096331030130386353e-02,-1.234427168965339661e-01,1.163418665528297424e-01,-1.195713654160499573e-01,-7.553374860435724258e-03,2.302547544240951538e-02,-5.365453287959098816e-02,-1.553545296192169189e-01,9.145175665616989136e-02,-2.747003547847270966e-02,-6.397670507431030273e-02,-1.778085976839065552e-01,-9.363238513469696045e-02,7.489743828773498535e-02
1.674300879240036011e-01,2.796220071613788466e-02,-4.837009668350219505e-01,2.668347001075744851e-01,8.696622371673583540e-01,-7.804111599922179954e-01,9.774849653244018777e-01,-3.284607708454131969e-01,-4.715910732746124157e-01,-2.720091819763183483e-01,2.511821329593658669e-01,5.109017491340637207e-01,3.092394590377807728e-01,2.244715988636016846e-01
1.467819118499755771e+00,2.212065815925598145e+00,2.581776380538940430e+00,1.084458351135253906e+00,-2.378429460525512518e+00,-3.068753147125244052e+00,9.533935070037842241e-01,5.379866719245910422e-01,8.749389529228210893e-01,6.304288029670714888e-01,2.177066266536712702e-01,-9.268688678741454634e-01,1.636869001388549849e+00,-1.225952172279357821e+00
1.830287307500839122e-01,8.340042829513549805e-02,3.793201625347137340e-01,9.907655835151671919e-01,1.225170731544494573e-01,-1.457462549209594727e+00,1.442450594902038530e+00,-4.127821087837219016e-01,-3.008367359638214333e-01,-3.011202394962310680e-01,-7.185229212045669833e-02,7.232261776924133745e-01,8.246344685554504172e-01,-5.542208313941955344e-01
3.359755516052246094e+00,2.960867214202880682e+00,1.048155546188354492e+00,-2.236237144470214933e+00,4.500693857669830211e-01,-4.337034749984741033e+00,3.163336038589477539e+00,-2.525043506175279548e-02,2.221456825733184870e-01,1.636130988597869762e-01,-1.769059628248214611e-01,-3.416053235530853160e-01,-1.665402579307556197e+00,9.225133657455444336e-01
-1.154583668708801358e+00,-4.090344905853271484e-01,7.996565699577332098e-02,-4.113189101219177357e-01,-6.702749490737914817e-01,-1.224094438552856490e+00,2.301029396057129084e+00,-9.273495197296142134e-01,-9.001727104187011719e-01,-9.484829902648925781e-01,1.211633943021297490e-02,1.396354579925537021e+00,9.259896516799926980e-01,-7.051519632339477983e-01
1.797402238845825284e+00,2.202808117866516202e+00,1.923691678047180220e+00,5.941097795963287131e-01,-1.052129566669464111e+00,3.281655263900757014e+00,-9.479155421257019487e-01,2.549036473035812267e-01,4.120994746685028298e-01,1.939293414354324452e-01,1.414842113852500805e-01,-4.615768611431121937e-01,2.495721197128295987e+00,-1.629747200012207076e+00
-1.585423111915588379e+00,-1.161848139762878374e+00,-2.646491765975952370e-01,-1.969538760185241655e+00,-1.805597972869873002e+00,-1.884115171432495073e+00,-1.604498457908630327e+00,1.762968152761459351e-01,9.867783784866332453e-02,6.907379329204559049e-02,2.750077605247497337e-01,-1.434249788522720392e-01,1.029407954216003507e+00,-6.854623436927795854e-01
4.626102387905121072e-01,6.303854703903197798e-01,5.866511702537536843e-01,6.619146227836608665e-01,-2.458324104547500721e-01,1.114327883720398038e+00,8.405094146728515625e-01,-3.814295604825020114e-02,2.853417754173278587e-01,1.785760164260864202e-01,-3.835366964340210238e-02,5.349689200520515303e-02,3.060831785202026145e-01,3.168721273541450639e-02
7.567253261804580966e-02,4.192582145333290100e-02,-2.964229345321655051e-01,-2.876315057277679665e-01,4.579837024211883545e-01,5.612627029418945090e-01,-8.084962725639343040e-01,-9.979844987392424982e-02,3.377210736274719460e-01,2.656279325485229603e-01,3.549685105681419511e-02,1.451847672462463490e-01,8.755643852055072784e-03,2.897117316722869762e-01
6.333861470222472700e-01,3.157832264900207742e-01,1.840343326330184937e-01,9.010808825492858665e-01,6.957938432693481223e-01,-3.367463350296020508e-01,2.888432502746581809e-01,3.487818241119385043e-02,-2.188344478607177623e-01,3.316635899245738706e-02,1.238515585660934504e-01,1.714230388402938898e-01,1.386685371398925781e-01,-1.297474324703216664e-01
-1.013548648357391446e+00,-9.863026857376098189e-01,-4.423452734947204701e-01,5.945479631423949973e-01,5.378680825233459473e-01,-6.500689864158630815e-01,1.547641611099243253e+00,-1.266359556466340949e-02,3.342866599559783936e-01,2.581350028514862172e-01,2.629548072814941184e-01,-2.025182813405990712e-01,5.975414156913757546e-01,-5.580454945564270464e-01
-6.932695209980010986e-02,-1.941592097282409668e-01,5.565248578786850114e-02,3.946191310882568581e-01,4.290830373764037975e-01,9.796010375022887740e-01,-1.027557820081710788e-01,2.750987410545349121e-01,1.532142013311386108e-01,3.320055544376373513e-01,1.003865540027618353e-01,-7.546023428440093439e-02,4.497757017612457053e-01,-2.682345569133758323e-01
2.119894886016845614e+00,2.314658451080322088e+00,2.300202965736389160e+00,-1.343015599250793501e+00,-2.488497829437255948e+00,2.979823732376098544e+00,2.631969547271728604e+00,9.289829083718359817e-03,1.129423573613166781e-01,1.427453055977821461e-01,-2.368062436580657959e-01,-2.591846078634262307e-01,-1.926144862174987704e+00,1.291503000259399458e+00
2.632213942706584930e-02,-1.945457905530929565e-01,-1.385278701782226562e-01,-1.572673767805099487e-01,-1.343824565410614014e-01,-8.971010893583297729e-02,-1.716368347406387329e-01,-1.260873675346374512e-01,-4.767973721027374268e-02,1.468712389469146729e-01,-1.006960272789001465e-01,-1.289551258087158203e-01,1.952315866947174072e-01,2.065254002809524536e-02
-1.065599584579467685e+00,-1.233523058891296431e+00,-1.270573639869689853e+00,-6.035387754440307839e-01,1.157479119300842241e+00,2.339193534851074396e+00,-8.354511618614196555e-01,4.961720883846282848e-01,2.887114703655243031e-01,4.951282382011413796e-01,-1.201550215482711792e-01,-3.171467721462249978e-01,1.811499092727899413e-02,2.226024836301803700e-01
3.724900960922241100e-01,3.254718482494354387e-02,-6.914420723915100375e-02,2.081870228052139227e-01,1.294445097446441650e-01,-8.406421065330504927e-01,-6.818252563476562278e-01,1.328232228755950872e-01,1.037861049175262396e-01,-1.720077693462371826e-01,6.477956473827362061e-02,2.466228693723678533e-01,3.461491107940674050e-01,7.187176346778870184e-02
-1.362926848232746124e-01,-4.837115645408630593e-01,-1.408778476715087935e+00,-3.008749485015869141e+00,2.037482470273971613e-01,-2.855725097656249822e+00,3.003051519393920898e+00,1.133708310127258256e+00,1.335321164131164640e+00,1.033309984207153365e+00,-8.277502357959747037e-02,-1.153973698616027832e+00,1.499349498748779208e+00,-6.027125239372252974e-01
-1.155150437355041415e+00,-9.800321459770202637e-01,-9.951772570610046831e-01,-1.852312833070755005e-01,6.024916648864746538e-01,8.409714931622147907e-03,2.042218613624572576e+00,3.858670413494110218e-01,8.277487874031066450e-01,6.008660435676574929e-01,4.009701535105705122e-02,-5.846222996711730735e-01,-5.803551793098449263e-01,5.466704607009887917e-01
-7.169792652130126953e-01,-9.661000609397888406e-01,-1.003696429729461714e+00,7.313245058059691939e-01,1.075574684143066451e+00,-1.688935136795044034e+00,-1.839728415012359675e-01,-6.573471903800964800e-01,-7.331876873970031294e-01,-4.935806632041931374e-01,2.142364978790283273e-02,9.065568447113037109e-01,-9.309196174144744595e-02,-4.353531333617865866e-03
-1.153615283966064498e+00,-1.078272211551666304e+00,-1.160106921195983798e+00,-8.427483081817627175e-01,6.683258771896362083e-01,2.530667781829833984e+00,-1.290389871597290128e+00,1.079649555683136031e+00,1.167728042602539151e+00,1.200781583786010742e+00,1.156378909945487976e-01,-1.345960211753845170e+00,1.096528673171996981e+00,-4.695106089115143044e-01
-5.608480811119079812e-01,-5.413137316703796609e-01,-5.755885958671569380e-01,2.307074141502380549e+00,1.505914831161498935e+00,2.306929254531860263e+00,2.072784471511840643e+00,-5.036689281463623269e-01,-3.312186717987060658e-01,-4.273682177066803201e-01,-1.604783594608306940e-01,5.683658003807068315e-01,-1.514194226264953702e+00,1.211197304725647017e+00
8.126254379749298096e-02,-3.715535998344421387e-02,1.963829994201660156e-02,3.828197717666625977e-02,-1.004175692796707153e-01,3.639671206474304199e-02,1.651190966367721558e-01,1.947462111711502075e-01,1.098951846361160278e-01,6.248639523983001709e-02,-1.832457333803176880e-01,2.002343535423278809e-03,1.942842751741409302e-01,-6.680542230606079102e-02
-2.965300619602203591e-01,-6.060776636004448076e-02,1.273460723459720646e-02,4.671348631381988525e-01,1.604186445474624634e-01,-3.036584556102752686e-01,4.070936679840088113e-01,3.813519597053527943e-01,3.311872959136962780e-01,1.905617769807577133e-02,2.400773018598556519e-01,-2.173428118228912242e-01,9.322793185710906427e-02,2.895166873931884766e-01
2.900672960281371893e+00,2.914005279541015625e+00,2.279350590705871760e+00,-1.221167397499084428e+00,-1.760887050628662021e+00,3.720685100555420011e+00,3.619354629516601474e+00,-3.896926045417785645e-01,-7.589854836463928445e-01,-2.779475361108779685e-01,-1.838860303163528387e-01,7.599058032035828081e-01,-1.306229257583618075e+00,7.792701244354247603e-01
2.660944908857345581e-01,4.252013623714446799e-01,4.158783495426178201e-01,8.507284998893738237e-01,-1.697947770357131902e-01,1.805812382698058993e+00,-7.897490859031677246e-01,8.329729199409484641e-01,1.073284363746643155e+00,7.012654662132262740e-01,1.141495336778461898e-02,-9.279089570045471191e-01,3.719220757484436035e-01,8.845714479684829712e-02
2.912923276424407848e-01,5.213660836219787820e-01,5.617673516273498091e-01,5.412768602371216264e-01,-2.374665588140487671e-01,-9.012300491333007368e-01,6.691875338554382768e-01,5.624175071716308594e-01,6.190669894218444602e-01,3.570255637168884277e-01,2.181614875793456976e-01,-5.492557883262634277e-01,1.811489552259445135e-01,-1.069793567061424200e-01
-2.032505011558532804e+00,-1.690994310379028365e+00,-9.915619015693664107e-01,-2.409292125701904208e+00,-1.031755208969116211e+00,-1.915710401535034135e+00,2.688612794876098722e+00,9.517779797315598089e-02,-4.943759813904761991e-02,-1.953341722488403376e-01,8.726512789726256769e-02,4.125469177961349487e-02,-4.285931646823882835e-01,2.320701569318771307e-01
2.047798037528991699e+00,1.055498647689819380e+00,-1.625403094291687056e+00,-2.289150571823120206e+00,2.355500507354736150e+00,-2.080908489227295100e+00,-2.651834106445312589e+00,5.329454183578491433e-01,6.900401830673217329e-01,4.068706810474395641e-01,-2.851747334003448264e-01,-3.960038781166076438e-01,-1.332327485084533691e+00,9.713127136230468306e-01
2.880619573593139471e+00,3.318617677688598722e+00,2.756566047668457031e+00,-7.301409482955932839e-01,-2.645914936065673739e+00,2.602738052606582420e-01,-1.210802936553954989e+00,8.154486864805221558e-02,1.160325661301612882e-01,-7.529170364141464511e-02,-1.576343864202499334e-01,6.496491655707359314e-02,-1.853548073768615634e+00,1.133268618583679110e+00
7.697125911712646706e-01,-3.422873914241790771e-01,-1.608061051368713468e+00,-2.145048928260803400e+00,1.856642222404480069e+00,2.606842660903930575e+00,-9.089534640312194602e-01,1.097379133105278043e-01,-1.496375679969787487e-01,1.359907686710357666e-01,6.573805510997772494e-02,2.149195596575737173e-03,6.345318436622620073e-01,-1.255742684006690979e-01
4.809275925159454124e-01,9.482870221138000044e-01,1.079947984218597501e+00,1.540776443481445268e+00,-2.788717031478881725e-01,-2.467815351486206232e+00,2.020619559288024725e+00,-8.451527357101440430e-01,-1.128028798103332564e+00,-8.485998988151550737e-01,-1.400436788797378429e-01,1.257784867286682040e+00,5.109252214431763139e-01,4.808683507144450794e-03
2.367045855522155851e+00,2.056660389900207608e+00,2.149634324014186929e-02,-3.280365371704101474e+00,2.638933330774307362e-01,2.092516875267028897e+00,3.588926601409911932e+00,-3.107909083366394154e-01,-2.106613367795944214e-01,-2.252625554800033458e-01,-1.256180465221405085e-01,-1.451776072382927052e-01,-2.560669660568237305e+00,1.662427306175231934e+00
2.140928697586059748e+00,7.533680677413940874e-01,-1.673864030838012606e+00,-2.087186408042907892e+00,2.651774549484252841e+00,1.273988342285156339e+00,2.098520231246948420e+00,1.070473146438598588e+00,1.288856601715087979e+00,1.058686017990112305e+00,-1.166305333375930731e-01,-1.017418682575225830e+00,8.090894341468810591e-01,-7.063770174980164018e-01
-5.083585858345032182e-01,-4.175485551357269176e-01,-1.592673271894455012e-01,-3.874514937400818093e-01,7.159710377454757413e-02,-5.828417420387268510e-01,6.559730172157287598e-01,7.030007094144821722e-02,1.636946052312850952e-01,2.282451599836349543e-01,2.051766991615295299e-01,2.129454106092452947e-01,1.060067921876907404e-01,2.207715213298797607e-01
1.524308133125305220e+00,1.633126378059387207e+00,1.322814583778381348e+00,-2.016068387031554998e+00,-1.467058372497558549e+00,-3.059767389297485263e+00,-3.026716518402099432e+00,-3.534492015838622825e-01,-1.618891388177871593e-01,-2.703972458839416504e-01,1.921550095081329401e-01,2.135205864906311035e-01,4.121454775333404652e-01,4.690359085798263827e-02
7.925689935684203657e-01,6.310045957565307839e-01,6.001455307006835493e-01,6.860778331756591797e-01,1.177858188748359680e-01,4.051714897155761497e-01,-2.080013841390609686e-01,4.065091907978057861e-01,5.008518576622009721e-01,3.714441180229187123e-01,2.588932156562805398e-01,-4.506738364696502575e-01,1.414719462394714300e-01,-2.059322178363799938e-01
6.685908555984496626e-01,1.744829392433166593e+00,2.467942094802856534e+00,1.120843708515167236e+00,-2.641914987564086825e+00,2.355270290374755771e+00,1.985886788368225186e+00,-1.401402926445007413e+00,-1.943205142021179110e+00,-1.785002851486205966e+00,1.304181396961212047e-01,2.131364512443542303e+00,1.342832875251769975e+00,-8.282008171081542969e-01
1.620853364467620961e-01,1.798621743917465099e-01,5.166239976882934792e-01,-3.440443515777588113e-01,-3.949664711952209362e-01,-1.186135315895080478e+00,7.866563200950622559e-01,-9.560446441173553467e-02,-4.304884195327758900e-01,-1.137209296226501520e-01,2.146827071905136053e-01,5.598521947860717329e-01,5.941452741622924583e-01,-4.847355484962463379e-01
8.301188349723815918e-01,5.664631605148315874e-01,8.376750588417053445e-01,1.663087010383605957e+00,-9.032867699861527044e-02,-3.881872558593749911e+00,4.152277183532715021e+00,-1.016081428527832120e+00,-1.620858407020568936e+00,-1.475960659980773970e+00,-1.472459342330694268e-02,1.761377692222595215e+00,1.281070899963378862e+00,-3.598548918962478638e-01
-1.306021928787231445e+00,-3.534750998020171897e-01,8.067952036857605203e-01,-5.491845980286598483e-02,-1.763869905471801669e+00,-2.279350185394287021e+00,-2.508512496948242188e+00,5.094583749771117720e-01,6.632691264152527078e-01,6.417208909988403320e-01,-2.166867762804031428e-01,-3.573838770389556885e-01,-1.632859969139099032e+00,1.267933225631713956e+00
2.344372439384460272e+00,2.735877418518066317e+00,2.600995922088622958e+00,-1.771672105789184659e+00,-3.072110509872436612e+00,3.737569379806518377e+00,3.547196030616760476e-01,6.693600177764892356e-01,7.777902007102965865e-01,6.139872968196868896e-01,2.171576261520385687e-01,-7.508402228355407493e-01,3.048745602369308250e-01,-2.102335423231124767e-01
2.696213662624359353e-01,-3.060398578643798717e-01,-4.645351231098174827e-01,1.147111129760742143e+00,1.118676018714904741e+00,-1.188312673568725497e+00,4.373361587524414174e-01,-1.022419720888137762e-01,-4.030268311500549427e-01,-5.246537685394286887e-01,-1.312862277030944769e-01,6.506691694259643111e-01,2.554263055324554332e-01,2.248528957366943415e-01
2.914472055435180842e+00,2.055578732490539462e+00,2.662169523537159105e-02,-2.398861122131347834e+00,1.450208139419555620e+00,5.447715669870376726e-02,2.966118049621582209e+00,-2.112156724929809659e+00,-2.453853893280029119e+00,-2.337263154983520330e+00,-2.923547983169555442e-01,2.776048040390014737e+00,-3.628527343273162953e-01,7.175947427749633789e-01
4.545612782239914079e-02,-1.663732260465621837e-01,-1.726652979850769043e-01,-2.671102762222289928e-01,5.848584413528442605e-01,-4.969726622104644886e-01,1.090812373161315962e+00,1.910834670066833552e-01,4.879286348819732444e-01,3.511731982231139915e-01,-6.532858610153198520e-02,-1.243251144886016873e-01,8.081588894128799438e-02,2.619138598442077859e-01
3.924789190292358176e-01,2.284335732460021917e-01,2.282190203666686901e-01,6.700318098068237527e-01,3.508909642696380615e-01,-3.132190048694610818e-01,-4.541547715663910023e-01,2.880057334899902566e-01,2.091536790132522694e-01,5.386236757040023526e-02,-2.375822253525257041e-02,1.426479756832122747e-01,4.502676725387573520e-02,3.955908536911010853e-01
-4.726869583129882924e-01,-3.569141089916229026e-01,-7.953174225986004570e-03,3.158788025379181130e-01,-5.754338428378105025e-02,1.046505284309387163e+00,3.671322524547576682e-01,-3.200529552996158461e-02,-4.752429872751236239e-02,1.608770996332168635e-01,2.593823038041591714e-02,2.329618662595748790e-01,2.338957972824573517e-02,1.426804721355438288e-01
9.022051095962524414e-02,-6.880739212036133257e-01,-1.476138091087341397e+00,-2.020590949058532537e+00,9.334694504737853782e-01,2.671690344810485618e-01,-1.924506807327270419e+00,-8.783790230751037376e-01,-1.163965463638305664e+00,-1.216715955734252841e+00,-9.481956511735915860e-02,1.369956755638122470e+00,6.700047731399536577e-01,-1.158863753080368042e-01
1.524401351809501759e-01,6.519004821777343306e-01,6.871961474418639693e-01,-2.998678970336913885e+00,-2.178933167457580478e+00,-2.915240430831909091e+00,3.493291950225830167e+00,-2.606214195489883201e-01,-8.440754637122153958e-02,-2.713553965091705100e-01,1.535151358693838050e-02,2.534187853336334340e-01,1.890845680236816317e+00,-1.169863545894622714e+00
-2.033787220716476440e-01,1.113306730985641479e-02,-1.341135203838348389e-01,6.739159673452377319e-02,1.521163135766983032e-01,-1.304081678390502930e-01,1.612853854894638062e-01,9.283773601055145264e-02,-9.055770188570022583e-02,9.000100940465927124e-02,-1.832099407911300659e-01,-3.761888295412063599e-02,-1.244227811694145203e-01,-8.098845183849334717e-02
2.022180485725402654e+00,2.176085448265075772e+00,1.761318945884704501e+00,-3.232985305786132635e+00,-3.035004949569702237e+00,1.692807412147522061e+00,3.088702678680419922e+00,3.070701986551284679e-01,2.656125217676162942e-01,5.839659869670867920e-01,1.002997741103172358e-01,-5.859412729740143266e-01,5.747541844844817893e-01,-4.365167885553091626e-02
-7.551236510276794212e-01,-1.110873675346374601e+00,-1.342230868339538530e+00,3.618757963180542214e-01,1.671126961708068848e+00,1.866635298728942960e+00,-2.934670209884643333e-01,4.067826211452484353e-01,7.519360661506653276e-01,7.327528238296509011e-01,2.607071280479431041e-01,-8.451961278915405273e-01,-1.623799622058868519e-01,1.435822173953056266e-02
4.450457990169525146e-01,-2.081888854503631536e-01,-5.177555680274963379e-01,8.444665789604186568e-01,1.119143795967102006e+00,2.969376921653747448e-01,1.059425461292266890e+00,4.514942407608032449e-01,2.202939331531524603e-01,4.789843976497650258e-01,-8.916142309317365072e-04,-3.153165280818939209e-01,-2.580198943614959717e-01,1.119839072227478000e-01
4.126459419727325217e-01,2.576374970376491685e-02,-3.162100255489349587e-01,1.763309264183044345e+00,1.423826837539672763e+00,3.594162988662719549e+00,2.554849815368652521e+00,-5.153520032763481140e-02,-1.776716336607932906e-02,1.982488572597503607e-01,3.245923649519681653e-02,2.959232144057750633e-02,1.061334371566772461e+00,-3.840039193630218617e-01
-3.669121384620666615e-01,2.161870628595352062e-01,3.229706048965453880e-01,3.586400151252746443e-02,-6.289142370223999023e-01,-5.833231449127197488e-01,1.835303872823715321e-01,2.607869915664196014e-02,-1.900339007377624401e-01,4.557694047689438144e-02,1.912311196327209362e-01,3.327526152133941650e-01,-3.693017601966858132e-01,3.516622304916381947e-01
2.062962985038757413e+00,2.379896116256714045e+00,2.379705595970153631e+00,2.603220081329345792e+00,-1.101562619209289551e+00,3.395059633255004705e+00,1.524122524261474654e+00,-3.624920092988759171e-04,1.436469048261642401e-01,-1.174729213118553134e-01,3.935886360704898661e-03,1.614767640829086193e-01,2.145084786415099920e+00,-1.293614816665649370e+00
-8.609634637832641602e-02,1.782797425985336304e-01,-1.666735559701919556e-01,-1.270461082458496094e-01,1.182109117507934570e-04,-1.526889204978942871e-01,1.332350522279739380e-01,6.966985762119293213e-02,-1.988061815500259399e-01,-1.621780097484588623e-01,1.580091565847396851e-01,-1.168780103325843811e-01,7.743062078952789307e-02,1.441496461629867554e-01
2.085886311531067072e+00,2.357060670852661133e+00,1.885156083106994673e+00,-2.244508957862854093e+00,-1.976268291473388672e+00,3.200367307662963956e+00,3.151824760437011541e+00,1.314273667335510209e+00,1.588827133178710938e+00,1.341385340690612882e+00,7.725383266806602756e-02,-1.881582164764404208e+00,9.166041016578674316e-01,-5.529661238193511741e-01
4.885823279619216919e-02,-6.071968376636505127e-02,1.546619981527328491e-01,-1.818866282701492310e-01,8.115109056234359741e-02,-8.325076103210449219e-02,9.192990511655807495e-02,6.349920295178890228e-04,-5.766729637980461121e-02,1.006344929337501526e-01,-4.880918562412261963e-02,8.252180367708206177e-02,-1.693785488605499268e-01,1.845425516366958618e-01
5.405739188194275124e-01,2.258318483829498402e-01,2.692895829677581856e-02,3.713544487953185924e-01,5.103558659553527610e-01,9.055562019348144531e-01,-2.858985245227813610e-01,3.293691456317901500e-01,2.430993914604187012e-01,1.382485628128051758e-01,4.774994477629661283e-02,-4.236162528395652493e-02,2.198177814483642523e-01,-1.500857740640640370e-01
-1.266375041007995694e+00,-1.271006035804748580e+00,-1.065738320350646973e+00,-1.596386432647705078e+00,-4.587639570236206055e-01,1.900579762458801225e+00,-1.889493036270141646e+00,2.108445882797241322e-01,3.150446772575378196e-01,5.121620953083038108e-01,-1.021696567535400335e-01,-1.275605261325836182e-01,1.023079979419708296e+00,-3.616187334060668723e-01
1.797504723072052002e-01,1.480855196714401245e-01,1.044486835598945618e-01,-1.584775596857070923e-01,7.594614475965499878e-02,1.238828152418136597e-01,2.387018315494060516e-02,-1.353415101766586304e-01,-8.194086700677871704e-02,-5.298187490552663803e-03,-1.745403707027435303e-01,1.704671978950500488e-01,-1.593863219022750854e-01,-1.089958399534225464e-01
1.683116704225540161e-01,-1.757003366947174072e-01,-1.434038728475570679e-01,-1.226176917552947998e-01,1.187859326601028442e-01,1.152033358812332153e-01,-7.184991240501403809e-02,-8.121149986982345581e-02,1.091451495885848999e-01,-1.438014861196279526e-02,1.273168176412582397e-01,-1.316044181585311890e-01,-1.522093713283538818e-01,1.783966273069381714e-01
9.952143579721450806e-02,1.481712609529495239e-01,-1.485947053879499435e-02,-7.168055325746536255e-02,-7.693282514810562134e-02,1.779544726014137268e-02,-1.326220333576202393e-01,-4.434384033083915710e-02,-7.753852009773254395e-02,4.255049303174018860e-02,1.782626807689666748e-01,1.651385724544525146e-01,1.038097962737083435e-01,9.781388193368911743e-02
-6.335632801055908203e-01,-7.207049965858459695e-01,-9.591250419616699219e-01,-1.836733007431030185e+00,-1.556486964225768932e-01,2.580254793167114258e+00,-1.887145066261291415e+00,1.263584518432617099e+00,1.579477691650390536e+00,1.526019454002380371e+00,5.190995782613753995e-02,-1.466591739654540927e+00,1.141574859619140625e+00,-6.877189636230468528e-01
-1.964501929283142045e+00,-1.358220911026001065e+00,7.507087588310241699e-01,1.364681911468505815e+00,-2.221569633483886808e+00,-3.246279096603393644e+00,2.745706558227539062e+00,9.022561430931090865e-01,1.097633814811706632e+00,1.163614010810852140e+00,-1.383280783891677745e-01,-1.312302494049072177e+00,-1.256125211715698242e+00,1.019111311435699552e+00
1.296198099851608165e-01,2.400633454322814997e-01,3.609437167644500843e-01,4.077757894992828369e-01,4.901164397597312927e-02,9.511740803718567172e-02,-5.535942792892456499e-01,1.616145551204681285e-01,-1.759567201137542669e-01,1.375296920537948664e-01,2.937879674136638711e-02,1.742640882730484009e-01,-4.004901424050331255e-02,8.560552150011062345e-02
-2.005548059940338024e-01,-5.555220842361450195e-01,-5.453636646270751953e-01,4.981362879276275413e-01,7.782424092292785645e-01,6.618455290794372781e-01,1.020802032947540239e+00,2.322570413351058849e-01,5.372706890106201394e-01,4.815936028957367165e-01,1.935054361820220947e-01,-4.456009209156036599e-01,-4.272412776947021595e-01,3.357781589031219593e-01
-1.736713021993637196e-01,7.541332021355628620e-03,-2.032438665628433228e-02,3.819263696670532338e-01,-4.173432737588882169e-02,9.397149920463562234e-01,-2.537237733602523693e-01,3.341689646244049294e-01,5.406032085418701616e-01,4.892769753932952881e-01,1.916916429996490534e-01,-3.429662108421325795e-01,2.206511050462722778e-01,1.261041149497032221e-01
-2.733367741107940452e-01,-3.769389867782592662e-01,-1.228031262755393954e-01,4.674067974090576061e-01,4.915165662765502708e-01,8.713641762733459473e-01,1.101170873641967862e+00,1.769293755292892512e-01,2.477668195962905995e-01,1.168223691638559060e-03,-1.787214390933513503e-02,5.206535607576370100e-02,5.661882877349853072e-01,-2.200170576572418324e-01
1.161271765828132685e-01,3.785316407680511253e-01,4.431287050247192383e-01,-7.258621215820312278e-01,-5.302495360374450684e-01,-1.178762698173522860e+00,-1.044645524024963468e+00,2.916027367115020530e-01,4.770509243011474831e-01,3.909540414810180886e-01,1.098732084035873441e-01,-1.408170298673212459e-02,1.272455930709838756e-01,2.507669448852539174e-01
-5.896322488784789817e-01,-4.127754449844360241e-01,2.397825926542282160e-01,1.123962759971618652e+00,3.532415211200714000e-01,5.258608460426330566e-01,6.680237054824829102e-01,-2.598950415849685669e-01,-2.911406397819519265e-01,-5.192185223102570024e-01,-3.517047464847564836e-02,5.988141059875488059e-01,-4.825183093547821267e-01,2.696715712547302357e-01
5.706492304801941140e-01,7.989433169364928977e-01,5.927342295646667036e-01,-2.156250667572021662e+00,-1.921575832366943404e+00,-2.985123443603515447e+00,-2.650527620315551669e+00,-5.996747493743896928e-01,-1.124177312850952237e+00,-7.734537720680236816e-01,-2.332703530788421686e-01,1.176322317123413175e+00,-8.156143903732300249e-01,8.516724348068237527e-01
2.577534389495849787e+00,1.862291765213012651e+00,7.591815963387489596e-02,1.538382577896118208e+00,2.590853643417358576e+00,-3.470112180709838956e+00,3.244331645965575994e+00,1.566812777519225985e+00,1.846106624603271573e+00,1.909183263778686523e+00,-1.006308242678642245e-01,-2.132977581024170011e+00,-2.030348467826843084e+00,1.397127485275268644e+00
9.392671436071395319e-02,-2.395471520721912523e-02,-3.006495684385299821e-02,7.987836897373198908e-02,4.062497377395629661e-01,3.759531021118164285e-01,7.103659033775329146e-01,1.871126443147659302e-01,1.723590493202209473e-01,1.786161243915557750e-01,2.260360449552535900e-01,5.419515371322632113e-02,4.464490592479705700e-01,-1.776681512594223133e-01
4.442674875259399192e-01,2.562533408403396828e-01,3.548314750194549450e-01,7.913399219512939897e-01,5.086447536945343240e-01,1.261374974250793368e+00,-7.789486050605773926e-01,2.047075591981411050e-02,-2.201430976390838512e-01,8.786661922931671143e-02,7.923475652933120728e-02,1.388522177934646551e-01,5.448348773643374617e-03,-1.971617564558982710e-02
1.764744544029235751e+00,2.187475013732909979e+00,1.657246088981628507e+00,-2.695926952362060369e+00,-2.705773973464965731e+00,2.828657341003418146e+00,-3.384020757675171076e+00,-1.219497179985046476e+00,-1.415044116973876998e+00,-1.326958799362182528e+00,-1.395197878591716324e-02,1.345297813415527344e+00,1.475530549883842524e-01,3.043211214244365831e-02
1.015328836441039995e+00,1.134310746192932040e+00,9.268392920494079590e-01,5.208371281623840332e-01,-5.498252511024475098e-01,5.411727190017699973e-01,-1.454881930351257235e+00,1.619325190782547053e-01,5.043548822402954546e-01,5.242208242416381836e-01,-2.625319138169288774e-02,-1.385648101568222046e-01,2.197351813316345270e-01,-2.940896332263946422e-01
-9.009098052978515847e-01,-1.186918950080871671e+00,-8.233938217163085938e-01,1.090273618698120173e-01,7.917982101440429465e-01,-1.502726435661315918e+00,2.278791427612304688e+00,1.127317953109741255e+00,1.488256120681762606e+00,1.379060769081115634e+00,2.559822760522365709e-02,-1.555816960334777788e+00,-1.562330746650695712e+00,1.170022845268249512e+00
6.376082777976990190e-01,4.256475985050201527e-01,6.128455162048339622e-01,1.345990443229675204e+00,2.506401777267456277e-01,-4.676819503307342307e-01,-1.278571224212646573e+00,3.950157284736633412e-01,2.438490003347396906e-01,2.350228667259216253e-01,1.039175540208816528e-01,-3.100231468677520641e-01,1.197681978344917325e-01,2.623626410961151234e-01
-2.324182182550430242e-01,-5.695931077003478782e-01,-1.109968852996826127e+00,5.812992334365845171e-01,1.716509819030761719e+00,-2.215070009231567383e+00,1.954261088371276767e+00,-6.796206235885620117e-01,-8.484984636306762695e-01,-6.478046059608459917e-01,1.317216753959655762e-01,6.792058348655700684e-01,-6.356789350509643999e-01,6.706338286399841087e-01
7.901669889688492376e-02,3.954369962215423806e-01,5.757537961006164995e-01,3.410885334014892578e-01,-5.832252860069274680e-01,4.941452920436859020e-01,-3.189069451764225960e-03,4.552085995674133578e-02,2.015650361776351873e-01,1.568387418985366932e-01,3.836324661970138411e-02,2.190565109252929632e-01,2.476055115461349432e-01,-7.396441698074340820e-02
1.192810088396072388e-01,-1.178781241178512573e-01,1.453329473733901978e-01,1.001422256231307983e-01,-8.650361001491546631e-02,-9.413021802902221680e-02,-1.761977672576904297e-01,1.173513680696487427e-01,1.506799310445785522e-01,-7.311619818210601807e-02,1.234273165464401245e-01,-2.887670695781707764e-02,-1.056920140981674194e-01,-4.357415437698364258e-02
1.276001477241516024e+00,8.546898365020751953e-01,5.951403260231018510e-01,7.132509350776672363e-01,4.280183911323547363e-01,-1.659495639801025435e+00,-2.092017006874084650e+00,7.576501369476318359e-01,8.147683024406433550e-01,8.336639046669006570e-01,7.905830442905426025e-02,-9.109426498413085715e-01,5.227353930473327415e-01,-1.706221014261245783e-01
-1.967392301559448331e+00,-1.908716177940368741e+00,-1.903987360000610307e+00,-2.325828838348388494e+00,5.178956151008605735e-01,1.643714690208434970e+00,2.596357154846191229e+00,-4.955061554908752330e-01,-4.026376545429229958e-01,-5.786545753479004350e-01,2.530177198350429604e-02,4.634733855724334495e-01,-7.478157997131347212e-01,4.199280619621276744e-01
3.980899974703788757e-02,6.323748081922531128e-02,-1.021245867013931274e-01,7.340186834335327148e-02,-2.183242440223693848e-01,-1.325240284204483032e-01,-5.575193464756011963e-02,-1.392683982849121094e-01,9.714313596487045288e-02,1.194896325469017029e-01,1.179630309343338013e-02,-1.980405598878860474e-01,8.676986396312713623e-02,-2.485775947570800781e-02
-2.110254430770873935e+00,-1.637536644935607910e+00,-4.784672558307647705e-01,-2.357274723052978693e+00,-1.763662648200988725e+00,2.419352054595947266e+00,1.410478234291076549e-01,-6.942098021507263628e-01,-7.864616274833678977e-01,-6.553443551063538042e-01,-1.004889503121376010e-01,1.025585508346557706e+00,5.310801789164543152e-02,2.872426748275757058e-01
-1.465067863464355469e-01,1.638731360435485840e-02,1.004870235919952393e-02,1.555498093366622925e-01,-1.661573946475982666e-01,1.643069088459014893e-02,4.477937519550323486e-02,2.105714380741119385e-02,1.590080410242080688e-01,8.212842047214508057e-02,-2.051956653594970703e-01,9.828133881092071533e-02,1.486663073301315308e-01,1.320608407258987427e-01
2.177238821983337458e-01,3.021909072995185991e-02,4.818870961666107400e-01,3.831168591976165660e-01,-2.448374390602111872e-01,7.908257842063903809e-01,-7.796770483255385797e-02,-7.814963907003402710e-02,1.650189846754074041e-01,8.598766922950744351e-02,2.312501043081283680e-01,2.904735207557678223e-01,5.883729383349418918e-02,-2.698580326978117336e-04
3.503299430012703219e-02,1.494223892688751332e-01,3.665796339511871449e-01,3.278343439102172630e-01,-2.592196822166442649e-01,1.408493191003799549e-01,5.759903192520141602e-01,1.712881505489349254e-01,-3.254984095692634721e-02,-6.291711479425429743e-02,1.913694590330123901e-01,2.996057271957397461e-01,4.624479770660400169e-01,-9.542339891195297796e-02
-1.096747577190399225e-01,4.747107684612273948e-01,1.116832661628723189e+00,1.582578349113464400e+00,-5.714552283287048784e-01,1.001851975917816162e+00,-1.041114878654479936e+00,-2.375133819878101279e-02,3.059957623481750488e-01,-4.499259740114212175e-02,2.614337503910064628e-02,-4.165978403761983135e-04,-9.867291569709777388e-01,7.150483965873718484e-01
-4.341882884502411000e-01,-1.028559796512126950e-01,-2.114132851362228449e-01,-1.203844523429870694e+00,-3.070967137813568337e-01,2.258046460151672541e+00,2.382612943649291992e+00,1.868045355658978085e-02,5.666670482605695378e-03,-1.207104921340942383e-01,-3.006169572472572327e-02,2.806665539741516335e-01,-5.024535179138183150e-01,5.843576431274414285e-01
1.313277781009674072e-01,-9.950292855501174927e-02,1.636069267988204956e-01,-1.558348387479782104e-01,-6.520655006170272827e-02,8.221807330846786499e-02,-1.664879024028778076e-01,-1.069584861397743225e-01,1.779183447360992432e-01,1.701640784740447998e-01,-5.113097839057445526e-03,9.112055599689483643e-02,4.846359789371490479e-02,-1.856657415628433228e-01
-2.942776298522949308e+00,-2.118352103233337225e+00,6.892136096954345481e-01,2.930432319641113281e+00,-1.880809450149536044e+00,3.137817811965942560e+00,-2.394733160734176525e-01,-1.153132987022399858e+00,-1.592914772033691362e+00,-1.556782341003418058e+00,-3.317147314548492543e-01,1.712952661514282271e+00,-1.450392460823059171e+00,1.401405501365661666e+00
9.794718772172927856e-02,2.165800891816616058e-02,-2.159098396077752113e-03,-6.879703700542449951e-02,-3.242875263094902039e-02,1.183914095163345337e-01,1.238730642944574356e-02,1.249994803220033646e-02,-6.987907737493515015e-02,-1.753628998994827271e-01,-1.856016963720321655e-01,-1.384724229574203491e-01,-2.279953658580780029e-02,1.039868816733360291e-01
1.225076481699943487e-01,-3.404218733310699352e-01,-6.276609659194946067e-01,6.086101770401001199e-01,1.199717187881469638e+00,1.381692194938659579e+00,1.619231319427490323e+00,-5.069900691509247048e-01,-8.098425030708312766e-01,-8.179515600204467773e-01,-6.728155910968780518e-02,9.501377224922180620e-01,3.247209370136260875e-01,1.915114104747772106e-01
5.055734217166900635e-01,1.377003610134124867e-01,-2.748344659805297963e-01,1.033779725432395907e-01,6.060968160629272017e-01,-8.921405971050262729e-02,-3.752718091011047474e-01,1.841670691967010609e-01,2.291011393070220836e-01,1.811649829149246105e-01,2.361458837985992432e-01,3.549100309610366683e-02,3.447028458118438499e-01,1.303643062710762093e-02
2.624194288253784091e+00,1.399890303611755371e+00,-9.108060479164123979e-01,-7.373730778694153054e-01,2.588490200042724787e+00,2.200257921218871981e+00,-3.335864019393921076e+00,-1.137385630607604892e+00,-1.444447255134582608e+00,-1.170857000350952193e+00,-1.934635370969772228e-01,1.297333979606628329e+00,-1.395914125442504927e+00,1.055763971805572465e+00
4.299716770648956410e-01,1.249725610017776434e-01,-2.823534727096557728e-01,6.766680836677551047e-01,1.061466133594513028e+00,1.483679342269897505e+00,3.430926613509654999e-02,4.237886130809783714e-01,3.654996871948242299e-01,3.785827219486236350e-01,1.968275368213653620e-01,-4.879140555858612061e-01,-7.074925541877746804e-01,5.484225392341613992e-01
2.961062826216220856e-02,5.657875165343284607e-02,-1.016120389103889465e-01,1.178091764450073242e-01,6.554085295647382736e-03,8.253964781761169434e-02,-1.703285276889801025e-01,3.507665917277336121e-02,1.386031061410903931e-01,-5.110724270343780518e-02,1.872672736644744873e-01,5.209384858608245850e-02,1.893053501844406128e-01,1.089584529399871826e-01
7.051397681236266646e-01,7.780260205268859641e-01,6.509212374687194380e-01,6.228116035461426225e-01,-3.219949364662170188e-01,5.368377208709717019e-01,-7.998153448104858843e-01,2.979352951049804576e-01,3.626756310462951882e-01,3.708366751670837402e-01,2.160822451114654541e-01,-3.939028978347778320e-01,-2.956094108521938393e-02,2.771041810512542836e-01
-1.292723968625068554e-01,2.724657297134399636e-01,5.009217023849487083e-01,-2.993268156051635653e+00,-2.426503705978393377e+00,-9.186891555786133035e-01,-5.921303987503051536e-01,1.413508343696594283e+00,1.656152224540710538e+00,1.742126274108886763e+00,1.904925465583801325e-01,-2.025258684158325106e+00,-2.117819023132324396e+00,1.289094471931457431e+00
1.775717437267303467e-01,2.052015066146850586e-01,1.540928035974502563e-01,-9.710284322500228882e-02,-2.614039368927478790e-02,1.957872658967971802e-01,-1.883458197116851807e-01,-2.549470402300357819e-03,-8.915852755308151245e-03,-1.704910844564437866e-01,-9.225680679082870483e-02,-8.521790057420730591e-02,3.212615847587585449e-02,-4.338378459215164185e-02
2.420663416385650524e-01,5.423936247825622559e-01,4.805978715419769176e-01,7.024994269013404291e-02,1.500526845455169567e-01,-4.972337603569030873e-01,-1.438117551803588912e+00,5.725172281265258345e-01,4.993788480758666881e-01,6.828595638275146706e-01,2.676802933216094749e-01,-7.155014276504516602e-01,5.886267542839049849e-01,-1.477385759353637695e-01
2.801079988479614480e-01,9.260891795158385786e-01,9.979454398155211958e-01,-8.251080989837646928e-01,-1.465757846832275391e+00,2.005714249610901057e+00,-1.606966257095336914e+00,-3.618885338306426780e-01,-5.046683669090270552e-01,-6.868239402770995872e-01,-9.797612670809030533e-03,9.061696410179138628e-01,5.069085776805877241e-01,-1.510702326893806346e-01
9.439009189605712669e-01,5.790746569633483665e-01,-6.050066590309143288e-01,-1.095302319526672452e+00,1.381636881828308017e+00,1.126097655296325772e+00,1.046236050128936723e+00,-2.641849249601364025e-01,-3.707081139087676780e-01,-4.964478433132171742e-01,5.557448938488960405e-02,6.984158635139465776e-01,1.759444130584597588e-04,-2.820813059806823730e-01
1.509668678045272827e-01,-3.222144022583961487e-02,1.968971937894821167e-01,-5.508165434002876282e-02,8.382845669984817505e-02,-1.441307812929153442e-01,6.984740495681762695e-02,-1.344622764736413956e-02,1.915852874517440796e-01,-9.076508879661560059e-02,-1.399258673191070557e-01,-1.895750910043716431e-01,-1.441188752651214600e-01,2.069106251001358032e-01
-1.613159155845642179e+00,-5.702808082103729692e-01,1.456799364089965909e+00,1.663990068435668990e+00,-2.152236318588256925e+00,1.987169718742370694e+00,2.448074340820312500e+00,1.137891149520874112e+00,1.295665144920349121e+00,1.413633370399475009e+00,2.122952565550804277e-02,-1.490386581420898526e+00,1.711696934700012163e+00,-1.181169366836547940e+00
1.869600033760070890e+00,2.001579236984253107e+00,1.567740941047668368e+00,7.172124162316322049e-02,-6.784864544868469682e-01,2.205926036834716886e+00,3.447614812850952060e+00,1.322354269027709917e+00,1.601051712036132724e+00,1.482973647117614702e+00,-1.166922882199287470e-01,-1.500920176506042480e+00,-1.234656751155853271e+00,9.038840532302856445e-01
-3.993638336658477672e-01,7.244268774986266646e-01,1.798378443717956632e+00,8.262282848358154519e-01,-2.734242486953735174e+00,3.406251907348632812e+00,-3.481446695327758967e+00,-4.555859565734863281e-01,-4.570361495018005482e-01,-1.490410044789314270e-01,-2.271440699696540902e-02,2.749493807554245217e-01,-2.396019649505615412e+00,1.704197216033935591e+00
4.453095793724060059e-01,3.079946756362915150e-01,-5.248113155364990678e-01,-2.596371531486511008e-01,8.739040732383728249e-01,9.846628546714782937e-01,-1.011766338348388583e+00,-4.046125829219818226e-01,-5.492398023605347124e-01,-4.769041359424591175e-01,2.021767407655715998e-01,6.605981469154358354e-01,6.188643455505371538e-01,-1.219037532806396540e-01
-1.074832528829574585e-01,7.109962403774261475e-02,-7.881361991167068481e-02,-1.932911723852157593e-01,3.814676403999328613e-02,-1.458888798952102661e-01,-1.899220347404479980e-01,-1.447560042142868042e-01,-4.898077622056007385e-02,8.816969394683837891e-02,-1.648145467042922974e-01,2.049978971481323242e-01,-1.939998716115951538e-01,-1.459679915569722652e-03
1.251757860183715820e+00,1.262180662155151456e+00,4.681282699108123557e-01,-2.055348753929138184e+00,-8.487536311149597168e-01,-1.626428341865539640e+00,2.511724233627319336e+00,8.052496537566185275e-02,-2.510587066411972268e-01,-1.097473487257957514e-01,7.338853180408477783e-02,4.815127313137054221e-01,1.424865722656250000e+00,-9.680889129638672319e-01
4.930717527866363414e-01,4.111994445323944314e-01,1.475925505161285456e-01,6.597988247871399148e-01,4.848386719822883606e-02,1.299257659912109286e+00,2.889740228652953880e-01,4.243181884288788064e-01,3.857480943202972190e-01,4.336250007152557262e-01,2.561845600605011097e-01,-4.692226469516754261e-01,5.768335103988647683e-01,-4.301024496555328480e-01
-1.508252471685409546e-01,-9.337688237428665161e-02,-8.147504925727844238e-02,1.353467553853988647e-01,-1.787084192037582397e-01,1.472306847572326660e-01,4.868785291910171509e-02,-1.693665534257888794e-01,-9.131494164466857910e-02,-8.362959139049053192e-03,-3.986058011651039124e-02,-1.704582422971725464e-01,-8.269699662923812866e-02,1.449377089738845825e-02
-1.635807305574417114e-01,9.609554708003997803e-02,-2.678113542497157981e-02,1.155695486068725630e+00,6.762719035148621050e-01,1.699731922149658292e+00,-1.409580850601196200e+00,-3.145400643348693626e-01,-4.214993357658386453e-01,-4.775121033191681019e-01,3.549438416957854947e-02,7.337316989898681197e-01,1.028153645992279097e+00,-6.421094775199890359e-01
-2.666130828857421697e+00,-1.673671340942382901e+00,6.402457952499389648e-01,2.683977413177490057e+00,-1.575730681419372559e+00,3.610949373245239347e+00,2.819963836669921786e+00,-2.938871562480926403e-01,-4.403510034084320290e-01,-3.707882463932037354e-01,-1.124755382537841741e-01,9.441633522510528564e-02,-2.693815040588378729e+00,1.872152328491210938e+00
-1.806456893682479858e-01,8.648146688938140869e-02,-1.821956783533096313e-01,6.347598135471343994e-02,-1.697073280811309814e-01,-1.173375099897384644e-01,-1.375889182090759277e-01,-2.839529514312744141e-02,-1.607081890106201172e-01,-2.407243847846984863e-02,4.574380815029144287e-02,1.515320390462875366e-01,8.005280792713165283e-02,1.280342042446136475e-02
1.332237768173217818e+00,1.634744358062744096e+00,1.785069346427917480e+00,1.851422047615051358e+00,-7.284438133239745650e-01,-2.013202452659606845e+00,-2.594128894805908025e+00,3.506379842758178822e-01,2.511702954769134410e-01,3.557977139949798362e-01,1.576684806495904853e-02,-4.541019320487976185e-01,-1.115238618850707963e+00,6.302987933158874512e-01
8.659380555152893510e-01,9.363555192947388139e-01,1.054450297355651767e+00,-1.935231518745422319e+00,-2.087709617614746271e+00,2.546298074722289861e+00,-3.418733406066894354e+00,-3.206381559371948020e-01,-3.035575807094573753e-01,-5.329354286193848100e-01,-2.955056548118591420e-01,7.808952927589416504e-01,-1.944320774078369229e+00,1.215178370475769043e+00
5.839309573173523393e-01,6.299543976783752441e-01,5.873320221900939497e-01,1.222385716438293413e+00,5.255284786224365678e-01,-5.026291534304618697e-02,-9.462746858596802202e-01,-4.257218003273010032e-01,-4.296538352966308705e-01,-5.236607789993286133e-01,1.963554054498672374e-01,5.803882956504822221e-01,-4.636756122112274392e-01,3.094682335853576882e-01
1.510068178176879883e-01,1.211684510111808721e-01,4.317498028278350941e-01,1.764887070655822843e+00,2.704326421022414939e-01,2.324744319915771573e+00,2.008219361305236816e-01,2.124977946281433050e-01,3.254981219768524059e-01,2.676434099674224742e-01,4.417106253094970833e-03,-3.387527048587798961e-01,-4.440430462360381858e-01,5.607719302177429643e-01
-5.476620674133301225e-01,1.898885637521743885e-01,1.733301806449890181e+00,-1.909163594245910645e-01,-2.720076608657836736e+00,-3.635081148147583097e+00,3.811875820159912109e+00,-5.998410046100616233e-01,-8.231234192848205788e-01,-5.851255774497985396e-01,1.404701620340347290e-01,7.893852233886718972e-01,-6.591519474983215110e-01,6.235162258148193581e-01
4.653063416481018066e-02,-1.814729161560535431e-02,-1.968251764774322510e-01,-3.161618858575820923e-02,2.052776515483856201e-01,1.636788845062255859e-01,-1.792614459991455078e-01,-1.722524315118789673e-01,1.526758521795272827e-01,2.988534606993198395e-02,-1.613821387290954590e-01,1.511431187391281128e-01,-1.153100505471229553e-01,-7.890386134386062622e-02
